Jordani Auto Body,http://maps.google.com/?cid=10702241973397340568,49.2806309,-122.9621557,"6861 Hastings Street, Burnaby, BC V5B 1S9, Canada","Fri, 12 May 2017 08:06:08 +0100"
Kirmac Collision & Autoglass - Maple Ridge,http://maps.google.com/?cid=18150313687125228630,49.2202239,-122.5899361,"22814 Dewdney Trunk Road, Maple Ridge, BC V2X 3K6, Canada","Fri, 12 May 2017 08:04:23 +0100"
Praxair,http://maps.google.com/?cid=14326097893454578500,49.2198231,-122.5890823,"22866 Dewdney Trunk Road, Maple Ridge, BC V2X 3K6, Canada","Fri, 12 May 2017 08:04:21 +0100"
Boyd Autobody & Glass,http://maps.google.com/?cid=17473565750021439260,49.2208829,-122.592669,"22715 Dewdney Trunk Road, Maple Ridge, BC V2X 3K3, Canada","Fri, 12 May 2017 08:04:15 +0100"
Eastgate Auto Body Ltd,http://maps.google.com/?cid=7819972542566151305,49.219933,-122.594428,"11971 227 Street, Maple Ridge, BC V2X 6J4, Canada","Fri, 12 May 2017 08:04:03 +0100"
Kirmac Collision & Autoglass - Ridge Meadows,http://maps.google.com/?cid=7942972778728966039,49.2179981,-122.6503129,"20610 Lougheed Highway a, Maple Ridge, BC V2X 2P8, Canada","Fri, 12 May 2017 08:03:03 +0100"
Dent Impressions,http://maps.google.com/?cid=13766141551340443373,49.2297672,-122.6886983,"12516 Harris Road, Pitt Meadows, BC V3Y 2J4, Canada","Fri, 12 May 2017 08:02:52 +0100"
Craftsman Collision,http://maps.google.com/?cid=10943223850313131991,49.2196713,-122.657876,"11927 203 Street, Maple Ridge, BC V2X 4V2, Canada","Fri, 12 May 2017 08:02:46 +0100"
Fix Auto Pitt Meadows,http://maps.google.com/?cid=3172008021989613736,49.2307285,-122.692543,"19080 Lougheed Highway, Pitt Meadows, BC V3Y 2M6, Canada","Fri, 12 May 2017 08:02:20 +0100"
Pacific Dent Pro,http://maps.google.com/?cid=15617370646064452304,49.2122646,-122.6607779,"20170 Stewart Crescent, Maple Ridge, BC V2X 0T4, Canada","Fri, 12 May 2017 08:02:06 +0100"
Meadowridge Collision,http://maps.google.com/?cid=5607032066722115102,49.219945,-122.647985,"11973 207 Street, Maple Ridge, BC V2X 1X6, Canada","Fri, 12 May 2017 08:02:01 +0100"
Classic Image Auto Body,http://maps.google.com/?cid=13987841437221466827,49.1954525,-122.5757908,"23302 River Road, Maple Ridge, BC V2W 1B6, Canada","Fri, 12 May 2017 08:01:48 +0100"
Prime Collision Ltd.,http://maps.google.com/?cid=7225127046515159774,49.1994561,-122.8139453,"14746 108A Ave, Surrey, BC V3R 1W8, Canada","Fri, 12 May 2017 07:54:48 +0100"
Reflections Truck Body Repair,http://maps.google.com/?cid=12737752352550854640,49.1735964,-122.6948188,"19045 94 Avenue, Surrey, BC V4N 3S4, Canada","Fri, 12 May 2017 07:54:08 +0100"
Port Kells Collision,http://maps.google.com/?cid=6210642502130036171,49.1766862,-122.6944776,"19080 96 Avenue, Surrey, BC V4N 3R3, Canada","Fri, 12 May 2017 07:54:05 +0100"
Kirmac Collision & Autoglass - Walnut Grove,http://maps.google.com/?cid=2591618230695860093,49.1779926,-122.6718303,"19875 96 Avenue #6, Langley, BC V1M 0B8, Canada","Fri, 12 May 2017 07:52:38 +0100"
Able Autobody,http://maps.google.com/?cid=267886985433654452,49.1705945,-122.664668,"20120 92A Avenue, Langley, BC V1M 3A4, Canada","Fri, 12 May 2017 07:52:17 +0100"
CARSTAR Langley - Able in the Grove,http://maps.google.com/?cid=642049113961377166,49.1704146,-122.6647124,"2-20120 92A Avenue, Langley, BC V1M 3A4, Canada","Fri, 12 May 2017 07:52:14 +0100"
Craftsman Collision,http://maps.google.com/?cid=3999904911980199340,49.1776806,-122.6675448,"20011 96 Avenue, Langley, BC V1M 3C6, Canada","Fri, 12 May 2017 07:52:08 +0100"
Omega Autobody,http://maps.google.com/?cid=13218320735090414418,49.1099038,-122.6680843,"20029 Industrial Ave, Langley Township, BC V3A 4K6, Canada","Fri, 12 May 2017 07:51:13 +0100"
Bodycraft Collision,http://maps.google.com/?cid=197890242351823122,49.1100061,-122.6670351,"5870 200A Street, Langley, BC V3A 5X8, Canada","Fri, 12 May 2017 07:46:25 +0100"
Jan's Precision Auto Body,http://maps.google.com/?cid=4944176494252227204,49.1088251,-122.6662457,"20112 Industrial Ave, Langley Township, BC V3A 4K7, Canada","Fri, 12 May 2017 07:46:20 +0100"
A-1 Auto Body Ltd,http://maps.google.com/?cid=3936781003091610386,49.1111355,-122.6676373,"20090 Logan Ave, Langley, BC V3A 4L6, Canada","Fri, 12 May 2017 07:46:17 +0100"
Maaco Collision Repair & Auto Painting,http://maps.google.com/?cid=6059700027308112336,49.1109624,-122.663701,"20109 Logan Avenue, Langley, BC V3A 4L5, Canada","Fri, 12 May 2017 07:46:14 +0100"
On Line Collision Ltd,http://maps.google.com/?cid=16559749222561066850,49.0951953,-122.6235245,"21650 Fraser Highway #101, Langley, BC V3A 4G9, Canada","Fri, 12 May 2017 07:46:09 +0100"
CARSTAR Langley ( Sunshine Auto Body ),http://maps.google.com/?cid=17588794369265500894,49.1072841,-122.6574016,"20370 Logan Avenue, Langley, BC V3A 4L9, Canada","Fri, 12 May 2017 07:46:07 +0100"
Gloss Body & Paint,http://maps.google.com/?cid=2323548428515508210,49.1138941,-122.6490202,"20701 Langley Bypass #202, Langley, BC V3A 5E8, Canada","Fri, 12 May 2017 07:46:04 +0100"
Frankenstein Speed & Custom,http://maps.google.com/?cid=13676230726397692546,49.1071527,-122.6746276,"5763 198 Street, Langley, BC V3A, Canada","Fri, 12 May 2017 07:44:43 +0100"
G'ed Up Car Customs,http://maps.google.com/?cid=3841802852628890101,49.1076564,-122.674996,"5778 Production Way, Langley, BC V3A 4N4, Canada","Fri, 12 May 2017 07:44:40 +0100"
Quik-Shot Truck Body Refinishers LTD.,http://maps.google.com/?cid=13108545155060484137,49.10906,-122.674578,"5821 Production Way, Langley, BC V3A 4N5, Canada","Fri, 12 May 2017 07:44:34 +0100"
OpenRoad Richmond Auto Body Langley,http://maps.google.com/?cid=23203465996855607,49.1099323,-122.6724806,"5923 Production Way, Langley, BC V3A 4N5, Canada","Fri, 12 May 2017 07:42:45 +0100"
Dams Collision Repair,http://maps.google.com/?cid=2617490145408527178,49.109009,-122.670634,"19950 Fraser Highway, Langley, BC V3A 4E3, Canada","Fri, 12 May 2017 07:42:42 +0100"
Kirmac Collision & Autoglass - Langley,http://maps.google.com/?cid=14302794275120670763,49.1088423,-122.6701334,"19992 Fraser Highway #104, Langley, BC V3A 4E3, Canada","Fri, 12 May 2017 07:42:35 +0100"
Finn's Auto Body Ltd,http://maps.google.com/?cid=6429912338693206899,49.1058895,-122.6716446,"5669 199 Street, Langley, BC V3A 1H9, Canada","Fri, 12 May 2017 07:42:14 +0100"
J+D Body Shop,http://maps.google.com/?cid=13000499627903159929,49.1059624,-122.6729524,"5700 198 Street, Langley, BC V3A 7C7, Canada","Fri, 12 May 2017 07:42:12 +0100"
Ride With Pride Autobody & Glass,http://maps.google.com/?cid=12373156302361936312,49.1049388,-122.6765488,"5656 Production Way, Langley, BC V3A 4N4, Canada","Fri, 12 May 2017 07:42:09 +0100"
Brothers Autobody Refinishers Ltd,http://maps.google.com/?cid=13682339101489611889,49.1113601,-122.6793638,"6000 196 Street, Langley, BC V3A 5X3, Canada","Fri, 12 May 2017 07:42:03 +0100"
TAG Auto Body,http://maps.google.com/?cid=8081921771096756464,49.1087808,-122.6808984,"19550 Langley Bypass, Surrey, BC V3S 7R2, Canada","Fri, 12 May 2017 07:41:57 +0100"
Boyd Autobody & Glass,http://maps.google.com/?cid=13507349949034839964,49.1067516,-122.6836485,"5726 Landmark Way, Surrey, BC V3S 7H1, Canada","Fri, 12 May 2017 07:41:50 +0100"
Craftsman Collision,http://maps.google.com/?cid=2479157866033819713,49.1054134,-122.6842139,"5652 Landmark Way #8, Surrey, BC V3S 7H1, Canada","Fri, 12 May 2017 07:41:47 +0100"
Craftsman Collision,http://maps.google.com/?cid=12299923986052786967,49.1066969,-122.6871835,"19335 Langley Bypass, Surrey, BC V3S 6K1, Canada","Fri, 12 May 2017 07:41:42 +0100"
Fix Auto Langley,http://maps.google.com/?cid=11997632179320750556,49.1109542,-122.6803231,"19574 60 Ave, Surrey, BC V3S 3S7, Canada","Fri, 12 May 2017 07:41:26 +0100"
Clover Collision Repairs (1991) Ltd,http://maps.google.com/?cid=3150344535734789121,49.100907,-122.734787,"5422 176 Street, Surrey, BC V3S 4C3, Canada","Fri, 12 May 2017 07:41:00 +0100"
Phoenix Auto Body,http://maps.google.com/?cid=17332472025629182369,49.1027669,-122.7261399,"17921 55 Avenue #12, Surrey, BC V3S 6C8, Canada","Fri, 12 May 2017 07:40:40 +0100"
Cloverdale Auto Body,http://maps.google.com/?cid=4009426219889844932,49.108204,-122.734818,"5812 176 St, Surrey, BC V3S 4E2, Canada","Fri, 12 May 2017 07:40:20 +0100"
Boyd Autobody & Glass,http://maps.google.com/?cid=211119134203048368,49.1052223,-122.7378929,"17511 56A Avenue, Surrey, BC V3S 1G2, Canada","Fri, 12 May 2017 07:40:06 +0100"
Sunnyside Autobody,http://maps.google.com/?cid=3020678065088287770,49.0448138,-122.7684325,"2359 164 Street, Surrey, BC V3S 0L8, Canada","Fri, 12 May 2017 07:38:33 +0100"
Don Beck Collision Ltd,http://maps.google.com/?cid=17948291513462971621,49.0468559,-122.7941216,"2450 King George Highway, Surrey, BC V4P 1H5, Canada","Fri, 12 May 2017 07:38:18 +0100"
Modern Bradley Collision,http://maps.google.com/?cid=14044893965296020137,49.0477684,-122.7956554,"2500 King George Blvd, Surrey, BC V4P 1H5, Canada","Fri, 12 May 2017 07:38:00 +0100"
CARSTAR White Rock ( Maximum Collision ),http://maps.google.com/?cid=6081210636556778246,49.059907,-122.806444,"15026 32 Avenue, Surrey, BC V4P 1A3, Canada","Fri, 12 May 2017 07:37:38 +0100"
Craftsman Collision,http://maps.google.com/?cid=10933018393857335264,49.0598419,-122.8053148,"15050 32 Avenue, Surrey, BC V4P 1A3, Canada","Fri, 12 May 2017 07:37:20 +0100"
Tsawwassen Collision Ltd,http://maps.google.com/?cid=2936178972494711911,49.0368592,-123.0705369,"1835 56 Street, Delta, BC V4L 2L8, Canada","Fri, 12 May 2017 07:34:46 +0100"
Ladner Auto Body Ltd.,http://maps.google.com/?cid=571231333736403940,49.08274,-123.12447,"3561 River Road West, Delta, BC V4K 3N2, Canada","Fri, 12 May 2017 07:34:34 +0100"
Sterling Auto Body,http://maps.google.com/?cid=123251984087408857,49.0921146,-123.0842587,"4908 Elliott Street, Delta, BC V4K 2Y1, Canada","Fri, 12 May 2017 07:34:11 +0100"
Paints Beyond Auto Body,http://maps.google.com/?cid=10471081745865928441,49.1623291,-123.0242584,"7111 Number 8 Road, Richmond, BC V6W 1L9, Canada","Fri, 12 May 2017 07:33:07 +0100"
Best Autobody & Paint,http://maps.google.com/?cid=7181602677746471839,49.14302,-122.8691103,"7711 128 Street, Surrey, BC V3W 4E6, Canada","Fri, 12 May 2017 07:31:36 +0100"
Overseas Auto Body (1989) Inc,http://maps.google.com/?cid=12768029872449558788,49.1414312,-122.8626863,"7638 Anvil Way, Surrey, BC V3W 4H7, Canada","Fri, 12 May 2017 07:31:23 +0100"
Andy Sorensen Autobody & Frame Ltd.,http://maps.google.com/?cid=3830125244436615349,49.1194543,-122.8133692,"14771 64 Avenue, Surrey, BC V3S 1X6, Canada","Fri, 12 May 2017 07:31:04 +0100"
Columbia Collision Repairs Ltd.,http://maps.google.com/?cid=10807304889300031539,49.1469587,-122.8571963,"7945 132 Street, Surrey, BC V3W 4N2, Canada","Fri, 12 May 2017 07:30:08 +0100"
Eurospec Autobody & Paint,http://maps.google.com/?cid=5574246276545594600,49.1548504,-122.8586618,"13136 84 Avenue, Surrey, BC V3W 1J1, Canada","Fri, 12 May 2017 07:29:54 +0100"
Mja Autobody Ltd,http://maps.google.com/?cid=18125000502754249901,49.1551333,-122.8595902,"13112 84 Avenue, Surrey, BC V3W 1L2, Canada","Fri, 12 May 2017 07:29:48 +0100"
Essex Collision Services Ltd,http://maps.google.com/?cid=3088548913380314124,49.1556404,-122.8646798,"12921 84 Avenue, Surrey, BC V3W 1B3, Canada","Fri, 12 May 2017 07:29:43 +0100"
Able Autobody,http://maps.google.com/?cid=449672463478297257,49.1603541,-122.8676352,"8686 128 St, Surrey, BC V3W 4G5, Canada","Fri, 12 May 2017 07:28:49 +0100"
Rapid Auto Body,http://maps.google.com/?cid=2772030438063751538,49.1429272,-122.8694308,"8 - 7711, 128 Street, Surrey, BC V3W 4E6, Canada","Fri, 12 May 2017 07:28:08 +0100"
Surge Autobody INC,http://maps.google.com/?cid=16551735789063815685,49.1409768,-122.8524933,"13325 76 Avenue #7, Surrey, BC V3W 2V7, Canada","Fri, 12 May 2017 07:28:05 +0100"
New Look Auto Body,http://maps.google.com/?cid=1644211149857475410,49.1440218,-122.85608,"7-, 7788 132 Street, Surrey, BC V3W 0H5, Canada","Fri, 12 May 2017 07:27:29 +0100"
Essential Auto Collision Ltd,http://maps.google.com/?cid=4513692938719661315,49.1445678,-122.85722,"7795 132 St, Surrey, BC V3W 4M8, Canada","Fri, 12 May 2017 07:27:08 +0100"
Quality First Collision Repairs,http://maps.google.com/?cid=4201032001209166540,49.145888,-122.868788,"7877 128 Street #103, Surrey, BC V3W 4E7, Canada","Fri, 12 May 2017 07:26:43 +0100"
G & G Autobody Ltd,http://maps.google.com/?cid=3196186671034412888,49.1459521,-122.8697634,"12745 78 Avenue, Surrey, BC V3W 1M4, Canada","Fri, 12 May 2017 07:26:41 +0100"
Right Touch Autobody Ltd,http://maps.google.com/?cid=3367034416299317877,49.1484929,-122.8760757,"12507 80 Avenue, Surrey, BC V3W 3A4, Canada","Fri, 12 May 2017 07:26:29 +0100"
Speedier Autobody Shop Ltd,http://maps.google.com/?cid=16167515841905554713,49.1498575,-122.8758926,"12507 80 Avenue, Surrey, BC V3W 3A4, Canada","Fri, 12 May 2017 07:26:27 +0100"
Sudden Impact Auto Body & Repair,http://maps.google.com/?cid=3385650226383745847,49.1529595,-122.8798471,"12372 82A Avenue #1, Surrey, BC V3W 0L6, Canada","Fri, 12 May 2017 07:26:24 +0100"
Star Auto Body,http://maps.google.com/?cid=6716862705627025052,49.153351,-122.8795446,"8277 124 Street, Surrey, BC V3W 9G2, Canada","Fri, 12 May 2017 07:26:22 +0100"
Advance Tech Autobody & Paint Ltd,http://maps.google.com/?cid=6147856535064722649,49.1549976,-122.8795974,"8365 124 Street, Surrey, BC V3W 9G2, Canada","Fri, 12 May 2017 07:25:42 +0100"
Low Cost Auto Body,http://maps.google.com/?cid=5785834331734981503,49.155508,-122.879498,"12372 84 Avenue, Surrey, BC V3W 3G8, Canada","Fri, 12 May 2017 07:25:35 +0100"
Carlos Custom Collision,http://maps.google.com/?cid=13485362635584225940,49.15538,-122.8797855,"12372 84 Avenue, Surrey, BC V3W 0J5, Canada","Fri, 12 May 2017 07:25:30 +0100"
Alpine Autobody Ltd,http://maps.google.com/?cid=18360004836109179840,49.159177,-122.882063,"8564 123 Street, Surrey, BC V3W 8P8, Canada","Fri, 12 May 2017 07:24:30 +0100"
United Collision Repair,http://maps.google.com/?cid=3768620206997954797,49.15978,-122.8889211,"12051 86 Ave, Surrey, BC V3W 7X5, Canada","Fri, 12 May 2017 07:22:42 +0100"
Celltex Collision Repair,http://maps.google.com/?cid=2798265553434716493,49.155595,-122.880998,"1, 12334 84th Ave, Surrey, BC V3W 0J5, Canada","Fri, 12 May 2017 07:22:06 +0100"
Eriks Restorations /Eriks Collision & Restoration,http://maps.google.com/?cid=16018994993020059143,49.175817,-122.892196,"11932 95A Avenue, Delta, BC V4C 3W1, Canada","Fri, 12 May 2017 07:19:52 +0100"
Good Guys Industrial Paint & Autobody,http://maps.google.com/?cid=15306800780658398456,49.1741264,-122.8910992,"11949 94 Avenue, Delta, BC V4C 3R8, Canada","Fri, 12 May 2017 07:19:25 +0100"
BC Orange Auto Body,http://maps.google.com/?cid=15669432173227852635,49.1741277,-122.891217,"11947 94 Avenue, Delta, BC V4C 3R8, Canada","Fri, 12 May 2017 07:19:20 +0100"
Nu Mode Autobody & Paint Ltd,http://maps.google.com/?cid=5689403883850431247,49.165275,-122.888951,"8918 Holt Road, Surrey, BC V3V 4H2, Canada","Fri, 12 May 2017 07:19:05 +0100"
Sopron Auto Body,http://maps.google.com/?cid=17087347901493694468,49.1749396,-122.8911384,"11966 95 Avenue, Delta, BC V4C 3T9, Canada","Fri, 12 May 2017 07:18:03 +0100"
Scott Town Auto Body,http://maps.google.com/?cid=3955745922290761972,49.1952099,-122.8898705,"10513 Span Rd, Surrey, BC V3V 3V5, Canada","Fri, 12 May 2017 07:17:35 +0100"
Andy Lal's Auto Body Painting Ltd,http://maps.google.com/?cid=17018170034880005861,49.1980894,-122.8789826,"10743 124 St, Surrey, BC V3V 4T5, Canada","Fri, 12 May 2017 07:17:32 +0100"
BC Autobody Repairs,http://maps.google.com/?cid=2080767617230342466,49.20279,-122.889276,"12003 Old Yale Road, Surrey, BC V3V 3X4, Canada","Fri, 12 May 2017 07:07:42 +0100"
Craftsman Collision,http://maps.google.com/?cid=10032795679734000190,49.1769547,-122.8907768,"9585 120 Street, Delta, BC V4C 6S4, Canada","Fri, 12 May 2017 07:07:08 +0100"
New Billa Auto Body,http://maps.google.com/?cid=5486657164250862441,49.175353,-122.891712,"11947 95 Avenue, Delta, BC V4C 3V1, Canada","Fri, 12 May 2017 07:07:04 +0100"
A-Class Autobody & Glass,http://maps.google.com/?cid=10097192331249582204,49.174015,-122.891551,"11954 94 Avenue, Delta, BC V4C 3R9, Canada","Fri, 12 May 2017 07:06:58 +0100"
Samra Autobody Ltd,http://maps.google.com/?cid=11995327338493404,49.1509265,-122.8691815,"Suite 8-12772 82 Ave, Surrey, BC V3W 3G1, Canada","Fri, 12 May 2017 07:06:50 +0100"
Craftsman Collision,http://maps.google.com/?cid=13306718982399353245,49.1531171,-122.8674881,"8268 128 Street, Surrey, BC V3W, Canada","Fri, 12 May 2017 07:06:48 +0100"
Sangam Auto Body Ltd,http://maps.google.com/?cid=15789274723129267683,49.15426,-122.865292,"8336 129 Street, Surrey, BC V3W 0A6, Canada","Fri, 12 May 2017 07:06:46 +0100"
Able Autobody,http://maps.google.com/?cid=9190528984470988395,49.1528998,-122.857159,"8253 132 St, Surrey, BC V3W 4N6, Canada","Fri, 12 May 2017 07:06:42 +0100"
Black And White Auto Body,http://maps.google.com/?cid=11742205335142472889,49.144336,-122.85802,"7823 132 Street Unit#16B, Surrey, BC V3W 4M8, Canada","Fri, 12 May 2017 07:06:39 +0100"
A-Best Auto Body,http://maps.google.com/?cid=17524380635996159088,49.1431482,-122.8507706,"7728 134 Street, Surrey, BC V3W 6Y5, Canada","Fri, 12 May 2017 07:06:37 +0100"
Kirmac Collision & Autoglass - Surrey,http://maps.google.com/?cid=17094010773168697842,49.1340109,-122.8480965,"13535 72 Avenue, Surrey, BC V3W 2N9, Canada","Fri, 12 May 2017 07:06:35 +0100"
Jim Pattison Auto Body and Glass,http://maps.google.com/?cid=12981546357638020090,49.1898903,-122.7968971,"15346 103A Avenue, Surrey, BC V3R 7A2, Canada","Fri, 12 May 2017 07:06:27 +0100"
www.Partshub.ca- Auto Body Parts,http://maps.google.com/?cid=16340567819239175594,49.2117585,-122.8520329,"13365 115 Avenue #68, Surrey, BC V3R 0R8, Canada","Fri, 12 May 2017 07:05:07 +0100"
R B S Collision Repairs Ltd,http://maps.google.com/?cid=8993271873098912936,49.2114906,-122.854806,"11502 132A Street, Surrey, BC V3R 7S2, Canada","Fri, 12 May 2017 07:04:56 +0100"
Alex Autobody,http://maps.google.com/?cid=11523709922703877645,49.2127167,-122.8546253,"11568 132A Street, Surrey, BC V3R 7S2, Canada","Fri, 12 May 2017 07:04:49 +0100"
Boyd Autobody & Glass,http://maps.google.com/?cid=5672195898074760386,49.1785952,-122.8446772,"9666 King George Boulevard, Surrey, BC V3T 2V4, Canada","Fri, 12 May 2017 07:03:11 +0100"
Dan The Man's Autobody & Glass,http://maps.google.com/?cid=14303487123863726667,49.1950729,-122.8475961,"13514 106 Avenue, Surrey, BC V3T 2C5, Canada","Fri, 12 May 2017 07:03:09 +0100"
Vancouver Speed Auto Body,http://maps.google.com/?cid=15721497355012931163,49.2064367,-122.8817413,"101-, 12303 King George Boulevard, Surrey, BC V3V 3K2, Canada","Fri, 12 May 2017 07:02:48 +0100"
CARSTAR Surrey (2000 Auto),http://maps.google.com/?cid=7779126927949996482,49.206524,-122.8815688,"103 - 12303 King George Boulevard, Surrey, BC V3V 3K2, Canada","Fri, 12 May 2017 07:02:46 +0100"
2000 Auto Collision,http://maps.google.com/?cid=11279156652543612301,49.2064359,-122.8812524,"12303 King George Blvd #103, Surrey, BC V3V 3K2, Canada","Fri, 12 May 2017 07:02:44 +0100"
Lambo Auto Body & Collision,http://maps.google.com/?cid=16111456847863244594,49.2064043,-122.8817312,"12303 King George Boulevard, Surrey, BC V3V 3K2, Canada","Fri, 12 May 2017 07:02:35 +0100"
Premier Collision Ltd,http://maps.google.com/?cid=3244265950547748024,49.2063663,-122.8826466,"12259 King George Boulevard, Surrey, BC V3V 3K2, Canada","Fri, 12 May 2017 07:02:30 +0100"
AutoMind Collision Coquitlam,http://maps.google.com/?cid=7664428294852603190,49.2351873,-122.8727012,"901 Tupper Avenue, Coquitlam, BC V3K 1A4, Canada","Fri, 12 May 2017 06:56:42 +0100"
Cariboo Collision Repairs Ltd,http://maps.google.com/?cid=2669235862806331792,49.2429494,-122.8879498,"576 Lougheed Highway, Coquitlam, BC V3K 3S3, Canada","Fri, 12 May 2017 06:52:50 +0100"
ABC Autobody LTD,http://maps.google.com/?cid=17260648975956596938,49.227505,-122.887595,"389 Brunette Avenue, New Westminster, BC V3L 3M2, Canada","Fri, 12 May 2017 06:50:56 +0100"
D J's Paint & Body Ltd,http://maps.google.com/?cid=7597013350262206191,49.2019265,-122.9181443,"1011 Royal Avenue, New Westminster, BC V3M 1K3, Canada","Fri, 12 May 2017 06:50:12 +0100"
A & B Auto Detailing,http://maps.google.com/?cid=3886393120945490731,49.2027707,-122.9808791,"5711 Byrne Rd, Burnaby, BC V5J 3J1, Canada","Fri, 12 May 2017 06:47:42 +0100"
Kong's Collision Inc,http://maps.google.com/?cid=7120866015146231114,49.2033269,-122.9801158,"5775 Byrne Rd, Burnaby, BC V5J 3J1, Canada","Fri, 12 May 2017 06:47:31 +0100"
Fleetwood Autobody Repair 1998 Ltd,http://maps.google.com/?cid=13869037450797728703,49.2029049,-122.9808273,"5739 Byrne Rd, Burnaby, BC V5J 3J1, Canada","Fri, 12 May 2017 06:47:00 +0100"
Brilliant Auto Body,http://maps.google.com/?cid=6981039864058993238,49.202655,-122.980703,"5745 Byrne Rd ,, Burnaby, BC V5H 3B7, Canada","Fri, 12 May 2017 06:46:56 +0100"
Senor Bro Auto Detailing,http://maps.google.com/?cid=10240735255078509542,49.2014014,-122.9206852,"118 Eleventh St, New Westminster, BC V3M 4C5, Canada","Fri, 12 May 2017 06:46:37 +0100"
Royal City Auto Painting and Collision,http://maps.google.com/?cid=17982857303568911157,49.201304,-122.919276,"1035 Royal Avenue, New Westminster, BC V3M 1K3, Canada","Fri, 12 May 2017 06:44:33 +0100"
CARSTAR New Westminster,http://maps.google.com/?cid=14006712572128583671,49.2034127,-122.9273155,"325 Thirteenth Street, New Westminster, BC V3M 4L4, Canada","Fri, 12 May 2017 06:43:33 +0100"
New West Auto Collision and Glass,http://maps.google.com/?cid=10621973331797880857,49.2033422,-122.92743,"325 Thirteenth Street, New Westminster, BC V3M 4L4, Canada","Fri, 12 May 2017 06:43:30 +0100"
Morita Auto Body Services,http://maps.google.com/?cid=16415495982927708848,49.2238247,-122.8932337,"213 East Columbia Street, New Westminster, BC V3L 3W3, Canada","Fri, 12 May 2017 06:43:00 +0100"
Shak's Auto Body & Sales Ltd,http://maps.google.com/?cid=4166746449963365843,49.2029918,-122.9802945,"5751 Byrne Road, Burnaby, BC V5J 3J1, Canada","Fri, 12 May 2017 06:40:01 +0100"
Silhouette Collision,http://maps.google.com/?cid=7401518949782161726,49.2160249,-122.9717481,"7464 Gilley Avenue, Burnaby, BC V5J 4X4, Canada","Fri, 12 May 2017 06:38:38 +0100"
B & M Auto-Craft Collision Ltd,http://maps.google.com/?cid=1440781675086778112,49.2193448,-122.9745963,"7092 Curragh Ave, Burnaby, BC V5J 4V9, Canada","Fri, 12 May 2017 06:37:51 +0100"
Chipsaway,http://maps.google.com/?cid=13025990795590674098,49.2199411,-122.9757344,"6990 Waltham Avenue, Burnaby, BC V5J 4V5, Canada","Fri, 12 May 2017 06:37:49 +0100"
Kirmac Collision & Autoglass - Edmonds,http://maps.google.com/?cid=15958896019846807983,49.2213738,-122.9457521,"7480 Edmonds Street, Burnaby, BC V3N 1B2, Canada","Fri, 12 May 2017 06:34:40 +0100"
C&K Collision,http://maps.google.com/?cid=17457538729089723929,49.218379,-122.977919,"5851 Beresford Street, Burnaby, BC V5J 1K1, Canada","Fri, 12 May 2017 06:33:52 +0100"
Bella Auto-Body Ltd,http://maps.google.com/?cid=15183915240446883449,49.2192097,-122.9778776,"7055 Buller Avenue, Burnaby, BC V5J 4S1, Canada","Fri, 12 May 2017 06:33:50 +0100"
Mint Auto Body Ltd,http://maps.google.com/?cid=16524947381901260701,49.2201778,-122.9763881,"6957 Waltham Ave, Burnaby, BC V5J 4V4, Canada","Fri, 12 May 2017 06:33:47 +0100"
Charlie's Auto Body,http://maps.google.com/?cid=3385757583943068210,49.2200518,-122.9751293,"6975 Curragh Ave, Burnaby, BC V5J 4V6, Canada","Fri, 12 May 2017 06:33:43 +0100"
Autosonic Autobody,http://maps.google.com/?cid=3703900157899477940,49.2193276,-122.9723887,"7089 Gilley Avenue, Burnaby, BC V5J 4W9, Canada","Fri, 12 May 2017 06:33:38 +0100"
Inter Mobile Autobody Ltd,http://maps.google.com/?cid=6560244056168975152,49.2180097,-122.9717566,"7242 Gilley Avenue, Burnaby, BC V5J 4X3, Canada","Fri, 12 May 2017 06:33:35 +0100"
Amber Auto Body,http://maps.google.com/?cid=7923155112493584724,49.2191028,-122.9711048,"6341 Arbroath Street, Burnaby, BC V5E 1C3, Canada","Fri, 12 May 2017 06:33:33 +0100"
Donn Dean Metrotown Collision Repairs Ltd,http://maps.google.com/?cid=5597542844537120522,49.2205737,-122.9804708,"6919 Merritt Avenue, Burnaby, BC V5J 4R7, Canada","Fri, 12 May 2017 06:33:10 +0100"
Cross Canada Auto Body Supply,http://maps.google.com/?cid=10516588344323088591,49.2516316,-122.956578,"7069 Winston Street, Burnaby, BC V5A 3R1, Canada","Fri, 12 May 2017 06:31:38 +0100"
AAA Auto Collision Ltd,http://maps.google.com/?cid=18367441827268907727,49.2578223,-122.9798656,"2849 Norland Avenue, Burnaby, BC V5B 3A9, Canada","Fri, 12 May 2017 06:31:29 +0100"
AutoMind Collision,http://maps.google.com/?cid=586349970655278275,49.2191827,-122.9791831,"7119 Russell Avenue, Burnaby, BC V5J 4R8, Canada","Fri, 12 May 2017 06:30:19 +0100"
Fix Auto Burnaby South,http://maps.google.com/?cid=10149977240595186874,49.2206568,-122.9786763,"6910 Russell Avenue, Burnaby, BC V5G 3R4, Canada","Fri, 12 May 2017 06:30:16 +0100"
Euro Image Auto Body & Glass Inc,http://maps.google.com/?cid=2013714036167352497,49.219784,-122.9804675,"7011 Merritt Ave, Burnaby, BC V5J 4R7, Canada","Fri, 12 May 2017 06:30:13 +0100"
Star Light Auto Body Ltd,http://maps.google.com/?cid=7612330368415062455,49.2210529,-122.9827956,"6890 Macpherson Avenue, Burnaby, BC V5J 4N1, Canada","Fri, 12 May 2017 06:30:10 +0100"
Craftsman Collision,http://maps.google.com/?cid=14732841117509822125,49.2221104,-122.9828782,"5609 Imperial Street, Burnaby, BC V5J 1G1, Canada","Fri, 12 May 2017 06:30:08 +0100"
Imperial Street Auto Repair and Detailing,http://maps.google.com/?cid=13676636721486709115,49.2216606,-122.9891642,"5186 Imperial Street, Burnaby, BC V5J 1E3, Canada","Fri, 12 May 2017 06:29:06 +0100"
HTV AUTO BODY LTD,http://maps.google.com/?cid=2337701029468789040,49.2221877,-122.9864175,"5368 Lane Street, Burnaby, BC V5H 2H5, Canada","Fri, 12 May 2017 06:29:02 +0100"
Moe's Precision Auto Body & Paint Ltd,http://maps.google.com/?cid=1586904427680995530,49.2220868,-122.9858104,"5411 Imperial St, Burnaby, BC V5J 1E5, Canada","Fri, 12 May 2017 06:28:56 +0100"
Ram's Autobody & Painting,http://maps.google.com/?cid=8113661192480443368,49.2204896,-122.9867905,"6938 Palm Avenue, Burnaby, BC V5J 4M3, Canada","Fri, 12 May 2017 06:28:46 +0100"
Andi's Auto Body & Repairs,http://maps.google.com/?cid=13320097804388152788,49.2201419,-122.9870526,"6971 Palm Ave, Burnaby, BC V5J 4M1, Canada","Fri, 12 May 2017 06:28:35 +0100"
Kirmac Collision & Autoglass - Metrotown,http://maps.google.com/?cid=1988222841306290736,49.22266,-122.988478,"6692 Royal Oak Avenue, Burnaby, BC V5H 3P6, Canada","Fri, 12 May 2017 06:28:29 +0100"
False Creek Collision,http://maps.google.com/?cid=11266966553885028089,49.2228749,-122.9884393,"6660 Royal Oak Avenue, Burnaby, BC V5H 3P6, Canada","Fri, 12 May 2017 06:28:27 +0100"
Excel Auto Body Ltd,http://maps.google.com/?cid=16615058486181585533,49.2217691,-122.9908792,"5092 Imperial St, Burnaby, BC V5J 1C8, Canada","Fri, 12 May 2017 06:28:21 +0100"
Burnaby Auto Spa,http://maps.google.com/?cid=18316041372945194075,49.2709479,-123.0178455,"3920 Grant Street, Burnaby, BC V5C 3N3, Canada","Fri, 12 May 2017 06:25:19 +0100"
Van-Burn Collision,http://maps.google.com/?cid=518180909604370029,49.2647583,-123.0043176,"4459 Dawson Street, Burnaby, BC V5C 4B8, Canada","Fri, 12 May 2017 06:24:16 +0100"
J S Auto Detail & Accessories Ltd.,http://maps.google.com/?cid=8712761582116567292,49.263552,-123.005034,"4437 Juneau Street, Burnaby, BC V5C 4C4, Canada","Fri, 12 May 2017 06:24:13 +0100"
Malibu Collision,http://maps.google.com/?cid=17047820324892903862,49.2691687,-123.0217643,"3776 1st Ave, Burnaby, BC V5C 3V9, Canada","Fri, 12 May 2017 06:23:55 +0100"
A-Z Europe Auto Care (1984) Ltd,http://maps.google.com/?cid=14741143888352309201,49.2736481,-123.0230698,"1250 Boundary Rd, Burnaby, BC V5K 4T6, Canada","Fri, 12 May 2017 06:22:27 +0100"
CARSTAR North Burnaby,http://maps.google.com/?cid=5272292590112963872,49.2736502,-123.0225915,"1250 Boundary Road, Burnaby, BC V5K 4T6, Canada","Fri, 12 May 2017 06:22:06 +0100"
Carter Body Shops,http://maps.google.com/?cid=4330068360749980177,49.2626124,-122.9999543,"2460 Alpha Ave, Burnaby, BC V5C 5L6, Canada","Fri, 12 May 2017 06:21:47 +0100"
Morrey Auto Body and Glass,http://maps.google.com/?cid=12079566745582152537,49.2611439,-122.9839917,"2590 Douglas Road, Burnaby, BC V5C 5B4, Canada","Fri, 12 May 2017 06:21:41 +0100"
Burnaby Auto Body (1986) Ltd.,http://maps.google.com/?cid=13056873873764507361,49.261426,-122.983537,"2544 Douglas Road #109, Burnaby, BC V5C 5W7, Canada","Fri, 12 May 2017 06:21:38 +0100"
Primeline Auto Body & Painting,http://maps.google.com/?cid=17044786711669232214,49.2640844,-122.9865065,"2168 Springer Ave, Burnaby, BC V5B 3M7, Canada","Fri, 12 May 2017 06:21:35 +0100"
Kirmac Collision & Autoglass - Burnaby,http://maps.google.com/?cid=6062524422906106288,49.2646801,-122.9877118,"5180 Lougheed Highway, Burnaby, BC V5B 2Z6, Canada","Fri, 12 May 2017 06:21:33 +0100"
BC Collisions - CSN,http://maps.google.com/?cid=6199030555175409404,49.2804791,-122.9754077,"6101 Hastings Street, Burnaby, BC V5B 1R9, Canada","Fri, 12 May 2017 06:21:28 +0100"
Still Creek Collision Inc,http://maps.google.com/?cid=8024115094981562905,49.260484,-122.990343,"5150 Still Creek Avenue, Burnaby, BC V5C 4E4, Canada","Fri, 12 May 2017 06:21:23 +0100"
Beta Auto Body Services Ltd,http://maps.google.com/?cid=6436975867350827630,49.263306,-122.997506,"2350 Beta Ave, Burnaby, BC V5C 5M8, Canada","Fri, 12 May 2017 06:21:18 +0100"
Midvan Collision,http://maps.google.com/?cid=17015174491348572143,49.2646883,-123.0046522,"4449 Dawson Street, Burnaby, BC V5C 4B8, Canada","Fri, 12 May 2017 06:21:12 +0100"
Craftsman Collision,http://maps.google.com/?cid=14256645083398594314,49.2691477,-123.0230109,"3710 East 1st Avenue, Burnaby, BC V5C 3V9, Canada","Fri, 12 May 2017 06:20:57 +0100"
No 1 Collision (Lougheed),http://maps.google.com/?cid=8246459408775445529,49.2618286,-123.030861,"3410 Lougheed Highway, Vancouver, BC V5M 2A4, Canada","Fri, 12 May 2017 06:20:53 +0100"
GN Autobody Burnaby,http://maps.google.com/?cid=11407029965524573956,49.2686713,-123.0184815,"3901 2nd Avenue, Burnaby, BC V5C 3W9, Canada","Fri, 12 May 2017 06:20:50 +0100"
D & K Body Shop Co Ltd,http://maps.google.com/?cid=1373000069312400382,49.2804729,-123.0752972,"1405 E Pender St, Vancouver, BC V5L 1V7, Canada","Fri, 12 May 2017 06:18:27 +0100"
Sharp Collision Repair,http://maps.google.com/?cid=3171846428630732739,49.1720713,-123.0691892,"5950 No. 6 Road, Richmond, BC V6V 1Z1, Canada","Fri, 12 May 2017 06:15:20 +0100"
Advantage Collision Co Ltd,http://maps.google.com/?cid=155030321376231507,49.1887991,-123.0817416,"12880 Bathgate Way, Richmond, BC V6V 1Z4, Canada","Fri, 12 May 2017 06:09:46 +0100"
Cantrust,http://maps.google.com/?cid=10962731651357758713,49.1821162,-123.1005568,"Upr 4360 Vanguard, Richmond, BC V6X 2P4, Canada","Fri, 12 May 2017 06:08:49 +0100"
Precision Dent Repair,http://maps.google.com/?cid=48388486566151457,49.1711963,-123.0763843,"106-13340 Smallwood Place #105, Richmond, BC V6V 1W8, Canada","Fri, 12 May 2017 06:06:10 +0100"
Bismark Collision Facility,http://maps.google.com/?cid=15156539068719100332,49.1757196,-123.1405623,"5003 Minoru Boulevard, Richmond, BC V6X 2B1, Canada","Fri, 12 May 2017 06:05:40 +0100"
Jl Brothers Auto Body Ltd.,http://maps.google.com/?cid=901961309966960279,49.1723788,-123.1405501,"5851 Minoru Boulevard, Richmond, BC V6X 2B1, Canada","Fri, 12 May 2017 06:05:36 +0100"
Dueck Richmond,http://maps.google.com/?cid=7024028320100490724,49.1323529,-123.0885292,"12100 Featherstone Way, Richmond, BC V6W 1K9, Canada","Fri, 12 May 2017 06:05:12 +0100"
Rich City Collision Repairs,http://maps.google.com/?cid=4632466329341479524,49.1266746,-123.0954117,"#105 11820 Horseshoe Way, Richmond, BC V7A 5E7, Canada","Fri, 12 May 2017 06:03:47 +0100"
Mainland Automotive Collision (2006) Ltd,http://maps.google.com/?cid=13010395994234036653,49.1864401,-123.135686,"3 road b c, 3751 Number 3 Road, Richmond, BC V6X 2B8, Canada","Fri, 12 May 2017 06:01:23 +0100"
Boyd Autobody & Glass,http://maps.google.com/?cid=14001565617107900781,49.2217375,-122.9828174,"5608 Imperial Street, Burnaby, BC V5J 1E9, Canada","Fri, 12 May 2017 06:00:59 +0100"
VIP AUTOBODY INC,http://maps.google.com/?cid=84514213639681464,49.217916,-122.979557,"5792 Beresford Street, Burnaby, BC V5J 1J1, Canada","Fri, 12 May 2017 06:00:57 +0100"
Mark's Auto Body (Bby) Ltd,http://maps.google.com/?cid=9971303551388601090,49.219291,-122.973055,"7070 Randolph Avenue, Burnaby, BC V5J 4W6, Canada","Fri, 12 May 2017 06:00:54 +0100"
Kirmac Collision & Autoglass - Richmond,http://maps.google.com/?cid=14237445240075466374,49.1307408,-123.0926515,"11020 Horseshoe Way #150, Richmond, BC V7A 4V5, Canada","Fri, 12 May 2017 06:00:32 +0100"
South Seas Auto Body Co Ltd,http://maps.google.com/?cid=11560076703599379050,49.1736775,-123.1404897,"Suite 150-5731 Minoru Blvd, Richmond, BC V6X 2B1, Canada","Fri, 12 May 2017 06:00:21 +0100"
Vancouver Touch Up,http://maps.google.com/?cid=11838639564554639764,49.1776018,-123.1011208,"9-4771 Vanguard Road, Richmond, BC V6X 2P8, Canada","Fri, 12 May 2017 05:59:12 +0100"
richmond chrysler collision repairs,http://maps.google.com/?cid=6533278153568242365,49.1717216,-123.0757859,"5491 Parkwood Way, Richmond, BC V6V 2M9, Canada","Fri, 12 May 2017 05:57:15 +0100"
No 1 Collision Group (Richmond),http://maps.google.com/?cid=13774610368584845880,49.184341,-123.101726,"11100 Cambie Road #1, Richmond, BC V6X 1K9, Canada","Fri, 12 May 2017 05:56:56 +0100"
C P Autobody Ltd,http://maps.google.com/?cid=15519274087523095220,49.1834866,-123.1006494,"4120 Vanguard Rd, Richmond, BC V6X 2P4, Canada","Fri, 12 May 2017 05:54:25 +0100"
All In One Auto Detailing Ltd.,http://maps.google.com/?cid=13347517805639313736,49.2054522,-123.1248212,"#, 8826 Laurel Street #150, Vancouver, BC V6P 3V9, Canada","Fri, 12 May 2017 05:51:34 +0100"
Superstar Auto Repair Centre Ltd,http://maps.google.com/?cid=6355975878395298822,49.192143,-123.0975771,"11451 Bridgeport Road, Richmond, BC V6X 1T4, Canada","Fri, 12 May 2017 05:39:02 +0100"
Artistic Auto Collision Ltd,http://maps.google.com/?cid=10473496721229184777,49.1925939,-123.0984735,"2920-2912 Simpson Road, Richmond, BC V6X 2P9, Canada","Fri, 12 May 2017 05:38:46 +0100"
Sopron Auto Body Ltd,http://maps.google.com/?cid=9995207021797949908,49.1925306,-123.0870856,"#9, 12331 Bridgeport Road, Richmond, BC V6V 1J4, Canada","Fri, 12 May 2017 05:38:37 +0100"
CARSTAR Richmond (New Profession),http://maps.google.com/?cid=598312623375811153,49.1915873,-123.0873656,"12331 Vickers Way, Richmond, BC V6V 1J2, Canada","Fri, 12 May 2017 05:38:28 +0100"
Sami's Autobody & Painting (1990) Ltd,http://maps.google.com/?cid=5767341004956315945,49.1887517,-123.0832324,"12800 Bathgate Way, Richmond, BC V6V 1Z4, Canada","Fri, 12 May 2017 05:38:22 +0100"
Second Look Autobody,http://maps.google.com/?cid=16270369453621858959,49.1918326,-123.0856919,"12471 Vickers Way, Richmond, BC V6V 1J2, Canada","Fri, 12 May 2017 05:38:11 +0100"
Auto Mind Collision Richmond,http://maps.google.com/?cid=5970371646519336050,49.193383,-123.0886426,"12260 Vulcan Way, Richmond, BC V6V 1J8, Canada","Fri, 12 May 2017 05:37:22 +0100"
Continental Autobody,http://maps.google.com/?cid=16206771303929141952,49.192982,-123.1010065,"11071 Bridgeport Road #122, Richmond, BC V6X 3A2, Canada","Fri, 12 May 2017 05:37:15 +0100"
Autowest Autobody Ltd.,http://maps.google.com/?cid=8538011670323160342,49.1921592,-123.0980278,"11351 Bridgeport Road, Richmond, BC V6X 1T4, Canada","Fri, 12 May 2017 05:37:07 +0100"
MG Collision Repairs,http://maps.google.com/?cid=8342566390980825900,49.1921241,-123.0905918,"12051 Bridgeport Rd, Richmond, BC V6V 1J4, Canada","Fri, 12 May 2017 05:37:03 +0100"
OpenRoad Richmond Auto Body,http://maps.google.com/?cid=10817418157802402480,49.19292,-123.092397,"2691 Number 5 Road, Richmond, BC V6X 2S8, Canada","Fri, 12 May 2017 05:37:00 +0100"
Herbert's Autobody Inc,http://maps.google.com/?cid=995686774595796305,49.1933123,-123.0998054,"2851 Simpson Road, Richmond, BC V6X 2R2, Canada","Fri, 12 May 2017 05:36:57 +0100"
Lotus Autobody Ltd,http://maps.google.com/?cid=16004369087538566416,49.1928763,-123.0954456,"2840 Olafsen Ave #120, Richmond, BC V6X 2R3, Canada","Fri, 12 May 2017 05:36:54 +0100"
Grandcity Autobody Ltd,http://maps.google.com/?cid=5956813020663908871,49.1917739,-123.0981974,"11320 Bridgeport Road, Richmond, BC V6X 1T2, Canada","Fri, 12 May 2017 05:36:51 +0100"
TS Auto Design,http://maps.google.com/?cid=6116805551147151896,49.1952972,-123.0909053,"2188 Number 5 Road #170, Richmond, BC V6X 2T1, Canada","Fri, 12 May 2017 05:36:46 +0100"
Fastrack Autobody,http://maps.google.com/?cid=15992909784327550286,49.1966949,-123.0933744,"11820 River Road, Richmond, BC V6X 1Z7, Canada","Fri, 12 May 2017 05:36:44 +0100"
Autoworx I S Ltd. CheapAutoBody.ca,http://maps.google.com/?cid=2626051523277653939,49.1968902,-123.0952486,"11788 River Road, Richmond, BC V6X 1Z7, Canada","Fri, 12 May 2017 05:36:40 +0100"
Kirmac Collision & Autoglass - North Richmond,http://maps.google.com/?cid=11898511527696264208,49.1909776,-123.0983247,"11420 Voyageur Way, Richmond, BC V6X 3G9, Canada","Fri, 12 May 2017 05:36:35 +0100"
Boyd Autobody & Glass,http://maps.google.com/?cid=9887915484048987479,49.1922085,-123.0886522,"12211 Bridgeport Road, Richmond, BC V6V 1J4, Canada","Fri, 12 May 2017 05:36:32 +0100"
Autocraft Autobody,http://maps.google.com/?cid=15738918162940620533,49.1910971,-123.084334,"12524 Vickers Way, Richmond, BC V6V 1H9, Canada","Fri, 12 May 2017 05:36:30 +0100"
MTM Auto Body Repair 2006 Ltd,http://maps.google.com/?cid=10529615496023465006,49.1822114,-123.1008662,"4360 Vanguard Road, Richmond, BC V6X 2P4, Canada","Fri, 12 May 2017 05:36:04 +0100"
Effective Autobody,http://maps.google.com/?cid=2175611762637966721,49.1872031,-123.1348299,"3651 Number 3 Road, Richmond, BC V6X 2B8, Canada","Fri, 12 May 2017 05:35:59 +0100"
Grand Performance Auto Centre,http://maps.google.com/?cid=1039029663517641689,49.1880379,-123.1361645,"8000 River Road, Richmond, BC V6X 1X7, Canada","Fri, 12 May 2017 05:35:56 +0100"
Craftsman Collision,http://maps.google.com/?cid=3212478693628324755,49.1885936,-123.1350887,"8060 Capstan Way, Richmond, BC V6X 1R5, Canada","Fri, 12 May 2017 05:35:53 +0100"
Auto Body One,http://maps.google.com/?cid=15080167441032490783,49.193855,-123.1299675,"2651 Number 3 Road, Richmond, BC V6X 2B2, Canada","Fri, 12 May 2017 05:35:50 +0100"
Bridgeport Collision Ltd,http://maps.google.com/?cid=15808281287570667649,49.1932835,-123.129194,"2700 Number 3 Road, Richmond, BC V6X 2B3, Canada","Fri, 12 May 2017 05:35:47 +0100"
Mainland Automotive Collision,http://maps.google.com/?cid=15600231390997416305,49.207128,-123.1096923,"183 West Kent Avenue North, Vancouver, BC V5X 2X1, Canada","Fri, 12 May 2017 05:34:14 +0100"
Boyd Autobody & Glass,http://maps.google.com/?cid=851729358355897477,49.2045,-123.1319627,"1111 West 73rd Avenue, Vancouver, BC V6P 3E6, Canada","Fri, 12 May 2017 05:34:00 +0100"
Craftsman Collision,http://maps.google.com/?cid=15990677015731681858,49.2078434,-123.1176548,"8525 Cambie Street, Vancouver, BC V6P 3J9, Canada","Fri, 12 May 2017 05:33:57 +0100"
Penney Auto Body & Glass,http://maps.google.com/?cid=11105778214788778679,49.210231,-123.102579,"8225 Main St, Vancouver, BC V5X 3L7, Canada","Fri, 12 May 2017 05:33:21 +0100"
Bestway Auto Body,http://maps.google.com/?cid=7426709903747928919,49.2103614,-123.0938294,"8240 Saint George Street, Vancouver, BC V5X 3S5, Canada","Fri, 12 May 2017 05:32:40 +0100"
24HR Collision Center,http://maps.google.com/?cid=13847939591270343204,49.210262,-123.093829,"8250 Saint George Street, Vancouver, BC V5X 3S5, Canada","Fri, 12 May 2017 05:32:36 +0100"
Dent King,http://maps.google.com/?cid=2854278850280659855,49.2089369,-123.0946398,"8385 Saint George Street, Vancouver, BC V5X 4P3, Canada","Fri, 12 May 2017 05:31:32 +0100"
Fairlane Collision Repairs Ltd,http://maps.google.com/?cid=15231013907170478692,49.2103798,-123.0907605,"8230 Fraser Street, Vancouver, BC V5X, Canada","Fri, 12 May 2017 05:31:08 +0100"
Fraserview Collision Repair Ltd,http://maps.google.com/?cid=4566564042747045728,49.2103266,-123.0898194,"8225 Chester Street, Vancouver, BC V5X 4P6, Canada","Fri, 12 May 2017 05:31:04 +0100"
Arbor Body Shop,http://maps.google.com/?cid=7754974255112954615,49.212884,-123.0912976,"695 East 64th Avenue, Vancouver, BC V5X 2N3, Canada","Fri, 12 May 2017 05:30:55 +0100"
KM Auto Body Repair Ltd,http://maps.google.com/?cid=3928836110184498498,49.2404988,-123.0649792,"4854 Victoria Drive, Vancouver, BC V5N 4P5, Canada","Fri, 12 May 2017 05:29:22 +0100"
Pearls Auto Spa Ltd,http://maps.google.com/?cid=910513964050672752,49.2668533,-123.142189,"1652 West 5th Avenue, Vancouver, BC V6J 1N8, Canada","Fri, 12 May 2017 05:27:02 +0100"
Gordon's Auto Body Works Ltd,http://maps.google.com/?cid=11017276725102072188,49.2627765,-123.1533258,"2120 West 10th Avenue, Vancouver, BC V6K 2H6, Canada","Fri, 12 May 2017 05:26:01 +0100"
Auto Sense Collision Ltd,http://maps.google.com/?cid=16621968066380961929,49.2686082,-123.1439223,"1728 West 3rd Avenue, Vancouver, BC V6J 1K4, Canada","Fri, 12 May 2017 05:25:35 +0100"
Ferreira Collision Centre,http://maps.google.com/?cid=2763098009813072547,49.2673362,-123.14072,"2024 Fir Street, Vancouver, BC V6J 3B4, Canada","Fri, 12 May 2017 05:25:30 +0100"
No 1 Collision (Downtown),http://maps.google.com/?cid=3472526976637257268,49.2687172,-123.1402173,"1520 West 3rd Avenue, Vancouver, BC V6J 1J7, Canada","Fri, 12 May 2017 05:24:54 +0100"
TWINSTAR COLLISION,http://maps.google.com/?cid=16982966404181021118,49.255817,-123.087318,"791 Kingsway, Vancouver, BC V5V 3C2, Canada","Fri, 12 May 2017 05:23:20 +0100"
All Care Car Repair & Detail,http://maps.google.com/?cid=1674724865543506519,49.2661572,-123.1095788,"2121 Columbia Street, Vancouver, BC V5Y 3E2, Canada","Fri, 12 May 2017 05:22:50 +0100"
Autopride Collision,http://maps.google.com/?cid=456669176178460622,49.2686122,-123.110241,"232 West 2nd Avenue, Vancouver, BC V5Y 1C6, Canada","Fri, 12 May 2017 05:15:46 +0100"
Dent Craft - Paintless Dent Removal,http://maps.google.com/?cid=8168402778916938322,49.2658623,-123.1142256,"495 West 6th Avenue, Vancouver, BC V5Y 1L3, Canada","Fri, 12 May 2017 05:15:07 +0100"
Fairview Automotive Ltd,http://maps.google.com/?cid=702492804834356362,49.2653056,-123.1196347,"2250 Heather Street, Vancouver, BC V5Z 3H6, Canada","Fri, 12 May 2017 05:15:05 +0100"
Big City's Auto Body,http://maps.google.com/?cid=1528307337731892433,49.2693972,-123.1049673,"5 W 2nd Ave, Vancouver, BC V5Y 1B1, Canada","Fri, 12 May 2017 05:13:52 +0100"
TMA Autobody & Services Ltd,http://maps.google.com/?cid=15940645388274414659,49.2423062,-123.0598847,"2266 Kingsway, Vancouver, BC V5N 2T7, Canada","Fri, 12 May 2017 05:12:27 +0100"
Gyroscope Collision,http://maps.google.com/?cid=2383032470232531309,49.2439729,-123.0632729,"2136 Kingsway, Vancouver, BC V5N 2T5, Canada","Fri, 12 May 2017 05:12:24 +0100"
Glass Works Refinishing and Autobody,http://maps.google.com/?cid=819776823300843998,49.2475857,-123.069661,"1703 Kingsway, Vancouver, BC V5N 2S4, Canada","Fri, 12 May 2017 05:12:21 +0100"
Tao's Auto Body Collision Ltd.,http://maps.google.com/?cid=17969337473585463018,49.2528579,-123.0812127,"26-816 Boyd Street, New Westminster, BC V3M 6N1, Canada","Fri, 12 May 2017 05:12:17 +0100"
CARSTAR Vancouver ( Ivan's Auto Body ),http://maps.google.com/?cid=2235773176719534903,49.2530112,-123.0677976,"3550 Commercial Street, Vancouver, BC V5N 4E9, Canada","Fri, 12 May 2017 05:12:14 +0100"
Vancity Autobody,http://maps.google.com/?cid=4838595523689646446,49.2551655,-123.0860712,"895 Kingsway, Vancouver, BC V5V 3C2, Canada","Fri, 12 May 2017 05:12:12 +0100"
Super Euro Auto Ltd,http://maps.google.com/?cid=1406488485597388972,49.2635379,-123.1053347,"8 West 8th Avenue, Vancouver, BC V5Y 1M7, Canada","Thu, 11 May 2017 23:24:16 +0100"
Fiji Island Auto Repairs Ltd,http://maps.google.com/?cid=17246393802380549313,49.266582,-123.103898,"37 East 5th Avenue, Vancouver, BC V5T 1G7, Canada","Thu, 11 May 2017 23:23:43 +0100"
Rudy & Peter Motors Ltd,http://maps.google.com/?cid=2311219458202734836,49.2689954,-123.0997471,"225 East 2nd Avenue, Vancouver, BC V5T 1B6, Canada","Thu, 11 May 2017 23:22:47 +0100"
George's Body Shop Ltd,http://maps.google.com/?cid=11809630002587783183,49.2685478,-123.1116364,"1870 Crowe Street, Vancouver, BC V5Y 3V2, Canada","Thu, 11 May 2017 23:21:24 +0100"
Korva World Class Collision Ltd,http://maps.google.com/?cid=15358787168647966887,49.2688268,-123.1108044,"231 West 2nd Avenue, Vancouver, BC V5Y 1C7, Canada","Thu, 11 May 2017 23:21:22 +0100"
Grandcity Autobody Ltd,http://maps.google.com/?cid=15628464663683338265,49.2666877,-123.1002234,"2088 Main Street, Vancouver, BC V5T 3C2, Canada","Thu, 11 May 2017 23:21:09 +0100"
Stavros Auto Body,http://maps.google.com/?cid=16356711770922182382,49.250777,-123.1005087,"3814 Main Street, Vancouver, BC V5V 3N9, Canada","Thu, 11 May 2017 23:20:57 +0100"
Auto Mind Collision,http://maps.google.com/?cid=15082666671520407092,49.2618989,-123.099442,"268 East 10th Avenue, Vancouver, BC V5T 1Z5, Canada","Thu, 11 May 2017 23:20:45 +0100"
Craftsman Collision,http://maps.google.com/?cid=18208781148985091252,49.2659728,-123.1133831,"425 West 6th Avenue, Vancouver, BC V5Y 1L3, Canada","Thu, 11 May 2017 23:20:41 +0100"
Craftsman Collision,http://maps.google.com/?cid=12406714132386630844,49.2679712,-123.100339,"1900 Main Street, Vancouver, BC V5T 3B9, Canada","Thu, 11 May 2017 23:20:35 +0100"
A JETWAY AUTOBODY REPAIR LTD,http://maps.google.com/?cid=13478409452870000824,49.2686909,-123.0992155,"251 East 2nd Avenue, Vancouver, BC V5T 1B8, Canada","Thu, 11 May 2017 23:20:33 +0100"
Kirmac Collision & Autoglass - Vancouver,http://maps.google.com/?cid=9910514116558286969,49.269393,-123.09862,"235 East 1st Avenue, Vancouver, BC V5T 1A7, Canada","Thu, 11 May 2017 23:20:29 +0100"
AFFORDABLE AUTO BODY & PAINT SERVICES,http://maps.google.com/?cid=3430017317915759879,49.282993,-123.121839,"Vancouver, BC V5P 2M3, Canada","Thu, 11 May 2017 23:20:07 +0100"
Burrard Autostrasse,http://maps.google.com/?cid=5602666519883111734,49.2774204,-123.0758232,"1366 Adanac Street, Vancouver, BC V5L 2C3, Canada","Thu, 11 May 2017 23:19:55 +0100"
Commit Auto Body & Repair Ltd,http://maps.google.com/?cid=3116291777618995872,49.2775263,-123.0817575,"1043 Union Street, Vancouver, BC V6A 3R6, Canada","Thu, 11 May 2017 23:19:50 +0100"
Hi-Light Autobody Shop,http://maps.google.com/?cid=14812405896897189025,49.2676783,-123.0699924,"1905 Commercial Drive, Vancouver, BC V5N 4A8, Canada","Thu, 11 May 2017 23:14:45 +0100"
Integra Custom Collision Ltd,http://maps.google.com/?cid=14646357230189999285,49.268443,-123.077108,"1828 Clark Drive, Vancouver, BC V5N 3G4, Canada","Thu, 11 May 2017 23:14:06 +0100"
Andre's Collision Repair Ltd,http://maps.google.com/?cid=14363603386435281043,49.2723363,-123.0774397,"1425 Clark Dr, Vancouver, BC V5L 3K9, Canada","Thu, 11 May 2017 23:13:32 +0100"
East Van Collision Ltd,http://maps.google.com/?cid=10603306908705220194,49.2802551,-123.0764666,"1310 East Pender Street, Vancouver, BC V5L 1V8, Canada","Thu, 11 May 2017 23:12:23 +0100"
Ben Auto Body Ltd,http://maps.google.com/?cid=1296283403307034227,49.2800942,-123.07692,"526 Clark Dr, Vancouver, BC V5L 3H7, Canada","Thu, 11 May 2017 23:12:18 +0100"
Master Touch Autobody Service Ltd,http://maps.google.com/?cid=2981301503790623645,49.2793773,-123.0764505,"1330 Frances St, Vancouver, BC V5L 1Y9, Canada","Thu, 11 May 2017 23:12:15 +0100"
New Profession Collision Ltd,http://maps.google.com/?cid=12962838136970591773,49.2795974,-123.0780891,"1245 Frances St, Vancouver, BC V6A 1Z4, Canada","Thu, 11 May 2017 23:11:40 +0100"
Imperial Autobody Ltd,http://maps.google.com/?cid=14288392602357494766,49.2795755,-123.0751937,"1475 Frances St, Vancouver, BC V5L 1Z1, Canada","Thu, 11 May 2017 23:11:31 +0100"
United Collision Auto Repair,http://maps.google.com/?cid=5263902513936284842,49.2813674,-123.0642919,"1967 East Hastings Street, Vancouver, BC V5L 1T5, Canada","Thu, 11 May 2017 23:10:54 +0100"
San Collision Repair Ltd,http://maps.google.com/?cid=9619260141473175635,49.2820465,-123.0661349,"1862 Franklin St, Vancouver, BC V5L 1P8, Canada","Thu, 11 May 2017 23:10:27 +0100"
Core Autobody & Repairs Ltd,http://maps.google.com/?cid=4356452836040755646,49.2839387,-123.0669388,"1847 Triumph St, Vancouver, BC V5L 1K4, Canada","Thu, 11 May 2017 23:09:55 +0100"
Qualitek Collision Vancouver,http://maps.google.com/?cid=1498872037978454595,49.2839038,-123.0674032,"1825 Triumph Street, Vancouver, BC V5L 1K4, Canada","Thu, 11 May 2017 23:09:52 +0100"
Clark Autobody Ltd,http://maps.google.com/?cid=9400813911713303601,49.2838683,-123.06939,"1740 Powell St, Vancouver, BC V5L 1H7, Canada","Thu, 11 May 2017 23:09:49 +0100"
B&D Autobody And Glass,http://maps.google.com/?cid=15667724636675889502,49.2716097,-123.0771535,"1488 Clark Drive, Vancouver, BC V5L 3K8, Canada","Thu, 11 May 2017 23:09:18 +0100"
KP's Auto Body Shop,http://maps.google.com/?cid=4584834621892836351,49.2765755,-123.0711865,"1602 Venables St, Vancouver, BC V5L 2H2, Canada","Thu, 11 May 2017 23:09:07 +0100"
Cosmos Auto Body & Collision Repair Shop Vancouver Bc,http://maps.google.com/?cid=8206482850721401236,49.2777896,-123.0761456,"1343 Adanac Street, Vancouver, BC V5L 2C4, Canada","Thu, 11 May 2017 23:09:04 +0100"
Pender Auto Body Ltd,http://maps.google.com/?cid=8906172500224791035,49.2804073,-123.0723509,"1605 East Pender Street, Vancouver, BC V5L 1W2, Canada","Thu, 11 May 2017 23:09:02 +0100"
Drive Autobody Ltd,http://maps.google.com/?cid=18258787756705571376,49.281492,-123.066826,"1841 East Hastings Street, Vancouver, BC V5L 1T3, Canada","Thu, 11 May 2017 23:09:00 +0100"
Craftsman Collision,http://maps.google.com/?cid=1676153716752710863,49.2845927,-123.0670121,"1835 Powell Street, Vancouver, BC V5L 1H8, Canada","Thu, 11 May 2017 23:08:47 +0100"
Vickery Collision,http://maps.google.com/?cid=9812910900998638417,49.30537,-123.033893,"1419 Main Street, North Vancouver, BC V7J 1C9, Canada","Thu, 11 May 2017 23:07:59 +0100"
Nick's Auto Body,http://maps.google.com/?cid=6109299787406542630,49.3023168,-123.0324599,"81 Mountain Highway, North Vancouver, BC V7J 2K2, Canada","Thu, 11 May 2017 23:07:56 +0100"
A1 Unity Auto Collision,http://maps.google.com/?cid=7367334946885716681,49.3026235,-123.0329412,"1470 Columbia St., North, North Vancouver, BC V7J 1A2, Canada","Thu, 11 May 2017 23:07:54 +0100"
Craftsman Collision,http://maps.google.com/?cid=5043401761178809645,49.3067961,-123.0399948,"1315 Cotton Road, North Vancouver, BC V7J 1C2, Canada","Thu, 11 May 2017 23:07:25 +0100"
Centennial Auto Body Ltd,http://maps.google.com/?cid=3357596019233637229,49.3088841,-123.0738984,"262 Esplanade East #4, North Vancouver, BC V7L 1A1, Canada","Thu, 11 May 2017 23:06:55 +0100"
Soren Autobody,http://maps.google.com/?cid=758296038704290608,49.3076285,-123.0710788,"Suite A-360 Esplanade E, North Vancouver, BC V7L 1A4, Canada","Thu, 11 May 2017 23:06:44 +0100"
Cam Clark Ford Lincoln Ltd.,http://maps.google.com/?cid=4972912484732815634,49.3159891,-123.1006048,"833 Automall Drive, North Vancouver, BC V7P 3R8, Canada","Thu, 11 May 2017 23:04:44 +0100"
Blitz Auto Spa,http://maps.google.com/?cid=7524494739022532575,49.3217691,-123.0956747,"820 Marine Drive, North Vancouver, BC V7P 1R8, Canada","Thu, 11 May 2017 23:04:29 +0100"
Craftsman Collision,http://maps.google.com/?cid=5885135721968740255,49.3182588,-123.09497,"810 West 1st Street, North Vancouver, BC V7P 1A1, Canada","Thu, 11 May 2017 23:04:25 +0100"
Elite Body Shop Ltd,http://maps.google.com/?cid=1500612867331271846,49.3187334,-123.0944216,"142 Fell Avenue, North Vancouver, BC V7P 2J9, Canada","Thu, 11 May 2017 23:04:17 +0100"
Elite autobody,http://maps.google.com/?cid=15183021550256196305,49.3180895,-123.0976628,"848-, 878 West 1st Street, North Vancouver, BC V7P 1A4, Canada","Thu, 11 May 2017 23:04:13 +0100"
Richmond Auto Body,http://maps.google.com/?cid=8899892328209459156,49.317939,-123.1002766,"945 West 1st Street, North Vancouver, BC V7P 1A4, Canada","Thu, 11 May 2017 23:04:06 +0100"
G & A Auto Body Repairs Ltd,http://maps.google.com/?cid=7663133672042733833,49.3198559,-123.1020941,"240 Mackay Road, North Vancouver, BC V7P 3H4, Canada","Thu, 11 May 2017 23:04:02 +0100"
EBI Auto Repair & Detailing,http://maps.google.com/?cid=14911734024465343680,49.3221518,-123.1073478,"1180 15th Street West, North Vancouver, BC V7P 1M9, Canada","Thu, 11 May 2017 23:03:23 +0100"
Tip Top Collision Ltd,http://maps.google.com/?cid=2959838052436136247,49.321344,-123.105745,"1120 14th Street, North Vancouver, BC V7P 1J9, Canada","Thu, 11 May 2017 23:03:06 +0100"
Paragon Collision Repairs Ltd.,http://maps.google.com/?cid=5541778625876986380,49.3221322,-123.1054152,"1118 15th Street West, North Vancouver, BC V7P 1M9, Canada","Thu, 11 May 2017 23:03:02 +0100"
Proline Collision Ltd,http://maps.google.com/?cid=595509515206625110,49.3219342,-123.1061559,"1141 W 15th, North Vancouver, BC V7P 1M7, Canada","Thu, 11 May 2017 23:02:59 +0100"
Bodo Motors Automotive Services Ltd,http://maps.google.com/?cid=3679339496261557784,49.3212364,-123.1052658,"1110 14th Street, North Vancouver, BC V7P 1J8, Canada","Thu, 11 May 2017 23:02:52 +0100"
Coache Collision Ltd,http://maps.google.com/?cid=12414646259076938216,49.3203605,-123.1068667,"1172 W 3 St, North Vancouver, BC V7P 1E6, Canada","Thu, 11 May 2017 22:57:50 +0100"
Rod's Exotic Auto Spa,http://maps.google.com/?cid=7026312945665528244,49.3189837,-123.1077159,"188 Pemberton Avenue, North Vancouver, BC V7P 2R4, Canada","Thu, 11 May 2017 22:57:40 +0100"
Kirmac Collision & Autoglass - North Vancouver,http://maps.google.com/?cid=13199012504520287071,49.3186154,-123.1082631,"183 Pemberton Avenue, North Vancouver, BC V7P 2R4, Canada","Thu, 11 May 2017 22:57:05 +0100"
Classic Collision Ltd,http://maps.google.com/?cid=14541754067475748,49.3179403,-123.1075854,"164 Pemberton Avenue, North Vancouver, BC V7P 2R5, Canada","Thu, 11 May 2017 22:57:01 +0100"
Ritchie Collision Ltd,http://maps.google.com/?cid=10255682766548167863,49.317326,-123.1075602,"130 Pemberton Avenue, North Vancouver, BC V7P 2R5, Canada","Thu, 11 May 2017 22:56:59 +0100"
Adept's Collision & Rust Repair Centre,http://maps.google.com/?cid=4133235074215290409,49.317155,-123.115044,"1525 Welch Street, North Vancouver, BC V7P 1B5, Canada","Thu, 11 May 2017 22:56:36 +0100"
Kirmac Collision & Autoglass - New Westminster,http://maps.google.com/?cid=8352440942935179281,49.202432,-122.9269304,"1307 3rd Avenue, New Westminster, BC V3M 1R2, Canada","Thu, 04 May 2017 05:03:06 +0100"
Boyd Autobody & Glass,http://maps.google.com/?cid=12584456170512415163,49.2016802,-122.9280174,"1321 3rd Avenue, New Westminster, BC V3M 1R3, Canada","Thu, 04 May 2017 05:02:58 +0100"
Boyd Autobody & Glass,http://maps.google.com/?cid=11499249514647771549,49.2254998,-122.935382,"7378 6th Street, Burnaby, BC V3N 3L4, Canada","Thu, 04 May 2017 05:00:42 +0100"
Craftsman Collision,http://maps.google.com/?cid=12275685021043973842,49.2768264,-122.8673696,"2036 Saint Johns Street, Port Moody, BC V3H 2A2, Canada","Thu, 04 May 2017 04:58:00 +0100"
Fraser River Paint & Body Ltd,http://maps.google.com/?cid=5392641812448052386,49.2305997,-122.8788608,"23 Braid Street, New Westminster, BC V3L 3P2, Canada","Thu, 04 May 2017 04:42:24 +0100"
Pride Autobody,http://maps.google.com/?cid=3776965117819048587,49.2362782,-122.8742853,"823 Brunette Avenue, Coquitlam, BC V3K 1C5, Canada","Thu, 04 May 2017 04:42:21 +0100"
New West Collision,http://maps.google.com/?cid=17036248718520070890,49.2351693,-122.8750522,"802 Brunette Avenue, Coquitlam, BC V3K 1C4, Canada","Thu, 04 May 2017 04:42:18 +0100"
Tom's Custom Autobody,http://maps.google.com/?cid=11081533962460372603,49.2352,-122.873438,"845 Tupper Avenue, Coquitlam, BC V3K 1A4, Canada","Thu, 04 May 2017 04:42:15 +0100"
Coquitlam Express Auto Body,http://maps.google.com/?cid=10816851819226731553,49.2346425,-122.8718377,"910 Tupper Avenue, Coquitlam, BC V3K 1A5, Canada","Thu, 04 May 2017 04:42:13 +0100"
Absolute Auto Body Shop,http://maps.google.com/?cid=840134855862140807,49.234628,-122.870966,"5  930 Tupper Avenue,, Coquitlam, BC V3K 1A4, Canada","Thu, 04 May 2017 04:42:09 +0100"
Craftsman Collision,http://maps.google.com/?cid=16628093911186060554,49.2364839,-122.8689851,"955 Lougheed Highway, Coquitlam, BC V3K 3T4, Canada","Thu, 04 May 2017 04:42:07 +0100"
Kirmac Collision & Autoglass - Schoolhouse,http://maps.google.com/?cid=13128036357320411478,49.236403,-122.852282,"16-211 Schoolhouse Street, Coquitlam, BC V3K 4X9, Canada","Thu, 04 May 2017 04:42:00 +0100"
Paul's Auto Body Ltd,http://maps.google.com/?cid=10542055533163043140,49.2492467,-122.8593946,"1135 Austin Ave, Coquitlam, BC V3K 3P4, Canada","Thu, 04 May 2017 04:41:58 +0100"
Limitless Auto Spa,http://maps.google.com/?cid=1799647336750771800,49.2461626,-122.7637991,"228-1655 Broadway Street, Port Coquitlam, BC V3C 2M8, Canada","Thu, 04 May 2017 04:40:59 +0100"
As New Autobody & Glass Ltd,http://maps.google.com/?cid=7469854141153665511,49.246203,-122.763286,"1655 Broadway Street #110, Port Coquitlam, BC V3C, Canada","Thu, 04 May 2017 04:36:02 +0100"
Sea wall Autobody & paint LTD,http://maps.google.com/?cid=6355594247588703505,49.2464297,-122.7619303,"109-1650 Broadway Street, Port Coquitlam, BC V3C 2M8, Canada","Thu, 04 May 2017 04:35:57 +0100"
Tom's Custom Autobody,http://maps.google.com/?cid=8525589824780018419,49.2547693,-122.767564,"1830 Kingsway Avenue, Port Coquitlam, BC V3C, Canada","Thu, 04 May 2017 04:35:41 +0100"
Saints Auto Body Shop,http://maps.google.com/?cid=15716990745318025514,49.253453,-122.7725197,"1973 McLean Avenue #10, Port Coquitlam, BC V3C 1N1, Canada","Thu, 04 May 2017 04:35:07 +0100"
Star West Autobody Repairs,http://maps.google.com/?cid=2378515172511012889,49.2543262,-122.7743594,"2070 Tyner Street, Port Coquitlam, BC V3C 2Z1, Canada","Thu, 04 May 2017 04:35:04 +0100"
Tom's Custom Auto Body Ltd,http://maps.google.com/?cid=15364335810298959851,49.2547693,-122.767564,"1830 Kingsway Avenue, Port Coquitlam, BC V3C 1S5, Canada","Thu, 04 May 2017 04:34:14 +0100"
Mark's Auto Body Ltd (Poco),http://maps.google.com/?cid=3458209103030777670,49.26532,-122.7707022,"2031 Lougheed Highway, Port Coquitlam, BC V3B 4Z9, Canada","Thu, 04 May 2017 04:33:58 +0100"
Craftsman Collision,http://maps.google.com/?cid=11804346594234228080,49.2653826,-122.7905069,"3014 Westwood Street, Port Coquitlam, BC V3C 3L7, Canada","Thu, 04 May 2017 04:33:41 +0100"
Boyd Autobody & Glass,http://maps.google.com/?cid=10228194579647073732,49.2657283,-122.7884996,"2635 Kingsway Avenue, Port Coquitlam, BC V3C 1T5, Canada","Thu, 04 May 2017 04:33:39 +0100"
Plum Crazy Restorations Inc.,http://maps.google.com/?cid=9626877388995044203,49.266014,-122.784207,"2492 Kingsway Avenue, Port Coquitlam, BC V3C 1T4, Canada","Thu, 04 May 2017 04:33:33 +0100"
Kirmac Collision & Autoglass - Port Coquitlam,http://maps.google.com/?cid=8319631579858065636,49.2675031,-122.7900137,"3090 Westwood Street, Port Coquitlam, BC V3C 3L7, Canada","Thu, 04 May 2017 04:33:24 +0100"
Mountain Hwy Collision Repairs & Auto Glass,http://maps.google.com/?cid=5398379125014143086,49.2766339,-122.8065016,"2760 Aberdeen Avenue #1, Coquitlam, BC V3B 1A3, Canada","Thu, 04 May 2017 04:27:59 +0100"
Badry Collision Repairs Inc,http://maps.google.com/?cid=9001781579939392127,49.2765753,-122.8048127,"2794 Aberdeen Avenue, Coquitlam, BC V3B 1A3, Canada","Thu, 04 May 2017 04:27:52 +0100"
Boyd Autobody & Glass,http://maps.google.com/?cid=6352340613050454149,49.2768876,-122.8080376,"1099 Lansdowne Drive, Coquitlam, BC V3B 4T7, Canada","Thu, 04 May 2017 04:27:35 +0100"
Squeaky Hand Car Wash,http://maps.google.com/?cid=2652812402648092186,49.2773611,-122.810816,"2724 Barnet Highway, Coquitlam, BC V3B 1B8, Canada","Thu, 04 May 2017 04:27:30 +0100"
Kirmac Collision & Autoglass - Coquitlam,http://maps.google.com/?cid=7807584005970297325,49.277543,-122.8112748,"2714 Barnet Highway #101, Coquitlam, BC V3B 1B8, Canada","Thu, 04 May 2017 04:26:58 +0100"
TF Auto Body & Repair,http://maps.google.com/?cid=3620321009284865644,49.2792101,-122.817375,"2575 Runnel Drive, Coquitlam, BC V3E 1S3, Canada","Thu, 04 May 2017 04:26:51 +0100"
Dents Unlimited,http://maps.google.com/?cid=2943992694852030645,49.2768996,-122.8456167,"87 Williams Street, Port Moody, BC V3H 3L1, Canada","Thu, 04 May 2017 04:24:39 +0100"
Port Moody Collision and Paint,http://maps.google.com/?cid=13127171913161755451,49.27688,-122.8459969,"2921 Spring Street, Port Moody, BC V3H 4T8, Canada","Thu, 04 May 2017 04:24:36 +0100"
Baja Auto Body Ltd,http://maps.google.com/?cid=4591916903065118566,49.2774421,-122.8352587,"87 Moray Street, Port Moody, BC V3H 2M2, Canada","Thu, 04 May 2017 04:14:57 +0100"
Candy Autobody Inc.,http://maps.google.com/?cid=6821430761156435227,49.277313,-122.842997,"3060 Spring Street, Port Moody, BC V3H 1Z8, Canada","Thu, 04 May 2017 04:14:54 +0100"
Fix Auto Port Moody,http://maps.google.com/?cid=8686845865942232160,49.2770793,-122.8458955,"2926 Saint Johns Street, Port Moody, BC V3H 2C3, Canada","Thu, 04 May 2017 04:14:44 +0100"
Mega Autobody,http://maps.google.com/?cid=4107998807392873903,49.2774071,-122.8487094,"2822 Spring Street, Port Moody, BC V3H 4C5, Canada","Thu, 04 May 2017 04:14:31 +0100"
Tru-Line Autobody Frame & Wheel Ltd | Full Collision & Frame Repairs,http://maps.google.com/?cid=5693427300775662456,49.2784626,-122.851004,"2727 Murray Street, Port Moody, BC V3H 1X1, Canada","Thu, 04 May 2017 04:14:19 +0100"
First Class Auto Body Ltd,http://maps.google.com/?cid=83109910080101390,49.2770232,-122.8476272,"2902 Saint Johns Street, Port Moody, BC V3H 2C3, Canada","Thu, 04 May 2017 04:13:58 +0100"